time,ehux,bacteria,sytox+,dmsp,d7_present,exp
0,246239.23929252726,95740.888489025427,,,0,1
0,220751.17597699683,97894.253811247647,,,0,1
0,245383.8675922433,60936.389180405553,,,0,1
2,633490.87983126845,100826.50296649405,,,0,1
2,627061.86668186705,71835.394325003843,,,0,1
2,655387.10775807558,101308.56901646267,,,0,1
4,1554661.836101329,83724.729426179299,,,0,1
4,1544663.5845270641,76893.243174881543,,,0,1
4,1517089.1323959155,87241.003271537615,,,0,1
5,2005014.3824388697,199904.80723465016,,,0,1
5,2026774.1555843242,210618.69240895129,,,0,1
5,2021723.0941272567,162733.9300244101,,,0,1
7,2331579.7425743071,1239186.7413790184,,,0,1
7,2338201.5643442757,1296075.0996786733,,,0,1
7,2429148.8855526876,701944.20963651722,,,0,1
8,2622780.0073184166,230717.73127564244,,,0,1
8,2750158.0610594368,245968.84394643348,,,0,1
8,2829349.79545704,246730.48402318999,,,0,1
9,2828059.394909855,520835.08571236324,,,0,1
9,2920920.7123457291,300782.44080886093,,,0,1
9,2906039.1000629114,489473.95034468803,,,0,1
10,3164633.697339722,298989.89898989903,,,0,1
10,3151986.5694697867,320779.61628261086,,,0,1
10,3166563.6044152873,337295.53997764899,,,0,1
11,2880614.6038876018,5478528.950959417,,,0,1
11,3114562.1522684027,1376913.082361676,,,0,1
11,2905482.1174275568,952718.79592560686,,,0,1
12,3497661.026258355,988152.25611293153,,,0,1
12,3661861.3898189422,750063.34994509665,,,0,1
12,3718503.175204928,798716.1077793733,,,0,1
13,2888182.3575259345,873904.24814565061,,,0,1
13,3221951.3450502101,998618.64492436219,,,0,1
13,3187175.8798990762,973120.91365241352,,,0,1
14,2665765.8624250637,1572246.5476591445,,,0,1
14,2985356.7166268276,1191097.0542218334,,,0,1
14,2824618.826280768,1608297.4137931033,,,0,1
15,2991701.7877937946,1830658.996871531,,,0,1
15,3315054.2735530459,1387959.585091539,,,0,1
15,3270522.2730945004,1475368.4210526317,,,0,1
16,3298213.7478064913,1727315.5310419051,,,0,1
16,3695483.3587112315,1913540.7905803195,,,0,1
16,3717920.9289049269,1727460.7739266434,,,0,1
17,3166939.9563227063,2665321.563682219,,,0,1
17,3551965.0676158099,2970137.2074253424,,,0,1
17,3715614.0594052374,2439918.6021089456,,,0,1
0,239294.23051677129,59886.422302529696,,,1,1
0,231101.74023899098,45933.014354066996,,,1,1
0,222677.60580484068,51602.249858093812,,,1,1
2,591942.10889243055,1362694.3878152748,,,1,1
2,571881.89942716307,1260415.0886229358,,,1,1
2,535185.16185090854,1421700.1670801481,,,1,1
4,1395117.0372811037,1920936.2546451211,,,1,1
4,1454621.8398540965,1696177.3674545547,,,1,1
4,1444584.9738615057,1687925.3844214771,,,1,1
5,1925971.6449602088,2445438.3428052603,,,1,1
5,1983929.8598030154,2047623.0542700882,,,1,1
5,2075122.8482463947,1882289.5804231111,,,1,1
7,2310655.9389732387,3248102.0755129866,,,1,1
7,2421718.1331827887,3526682.1345707653,,,1,1
7,2260332.6235280642,1489426.2875645044,,,1,1
8,2720289.815109537,2818067.6689177728,,,1,1
8,2780006.9302225383,2752349.1967262812,,,1,1
8,2732187.5680490988,3173193.3790876064,,,1,1
9,2920044.5290259118,4192122.1189247346,,,1,1
9,2977216.7510223398,4756479.8274293039,,,1,1
9,2917503.6335854549,4365618.9001817331,,,1,1
10,3310899.227430962,7382627.1329047885,,,1,1
10,3393169.1031811936,7774733.1259981496,,,1,1
10,3358986.8817199161,6755663.4304207126,,,1,1
11,2929947.7340210471,9737421.9919594936,,,1,1
11,3121275.4952332801,8360680.5674761431,,,1,1
11,2949471.3221065146,10028969.884794179,,,1,1
12,3303329.467914083,15428917.446006862,,,1,1
12,3377673.8173214914,18156076.070689917,,,1,1
12,3239964.0491699269,16549636.80387409,,,1,1
13,2362270.0592033705,27227366.081950098,,,1,1
13,2098513.8142323606,34304776.345716462,,,1,1
13,2166304.4353461484,28114874.072578613,,,1,1
14,971688.67131840426,41109914.518408827,,,1,1
14,793107.78266740369,41989098.983917631,,,1,1
14,733724.05182857916,41135243.350549281,,,1,1
15,598950.49358299049,48443793.851900466,,,1,1
15,509021.08014709444,51563792.929462813,,,1,1
15,456185.53320710431,53805761.925572313,,,1,1
16,569635.67031163746,56205597.416576967,,,1,1
16,483618.41731893056,55909893.250399254,,,1,1
16,410488.34237812541,54116737.793608658,,,1,1
17,331461.97717558639,53538616.690478191,,,1,1
17,259686.96170512552,55818460.140965901,,,1,1
17,223024.06140954458,57764031.53418164,,,1,1
0,380377.12864502706,108196.14914780992,,,0,2
0,329708.85625730391,87425.324202243923,,,0,2
0,352304.76190476189,44302.239724341627,,,0,2
2,568100.99573257461,65254.826138183133,,,0,2
2,535289.63414634159,52785.923753665687,,,0,2
2,549711.90699799475,14063.461369429548,,,0,2
4,1463162.4299870746,282236.72605397773,,,0,2
4,1574267.968056788,265478.99746747012,,,0,2
4,1533850.6009432524,163181.43357911278,,,0,2
5,2452389.3984695687,363901.44335909019,,,0,2
5,2400030.3935970818,409986.85939553217,,,0,2
5,2350148.142520702,377347.29597436881,,,0,2
6,,167817.49847041341,,,0,2
6,2631878.9905746426,207776.96258253849,,,0,2
6,2595843.483556638,143214.76392850906,,,0,2
7,3330275.9267235915,158511.16916664218,,,0,2
7,3422523.4355206485,37990.312470320066,,,0,2
7,,126471.73958866572,,,0,2
8,,244691.07751463779,,,0,2
8,,141421.87914321912,,,0,2
8,,247854.54545454541,,,0,2
9,3330010.6528686658,627578.59259689692,,,0,2
9,3867382.8768338109,604613.23392357875,,,0,2
9,4047055.5372152673,530312.01803298143,,,0,2
10,3317558.4902790808,325953.61878614401,,,0,2
10,3546083.4748232439,347307.48991405021,,,0,2
10,3818002.2287508864,42633.822832780665,,,0,2
11,2820858.0556823374,88550.42946958293,,,0,2
11,,485673.22638355277,,,0,2
11,3011247.6250791638,340415.25832930952,,,0,2
12,,1767520.0788657253,,,0,2
12,2160936.4311231598,732600.73260073247,,,0,2
12,1951996.9570178778,1339612.7681841969,,,0,2
13,2518686.4975802572,2012534.8189415045,,,0,2
13,2735215.9047739655,1831742.0702864272,,,0,2
13,,2474298.6583028403,,,0,2
14,3235873.916789135,1645084.9142088802,,,0,2
14,,1174957.6196878473,,,0,2
14,3012466.4267977495,1185357.3503776873,,,0,2
15,2700326.7228933969,1022757.2269572095,,,0,2
15,,2366128.470205599,,,0,2
15,2631229.7406807132,2500000.0000000005,,,0,2
18,2799883.3286833903,2407256.6577509013,,,0,2
18,3307696.207665788,3106999.4763484029,,,0,2
18,3263180.5738619082,2770276.1564596221,,,0,2
19,3140769.8151430739,4578355.5867884755,,,0,2
19,3436501.9011406843,4422467.2038162844,,,0,2
19,3438308.9743914483,4892186.8179834122,,,0,2
20,3612320.9532260112,4193191.7369799241,,,0,2
20,3671485.0882531949,5540827.9197133463,,,0,2
20,3692389.5959032602,4884591.9345004791,,,0,2
21,3547505.6976449736,5908733.9673675932,,,0,2
21,3479261.1548888944,6585728.0111800153,,,0,2
21,2830221.6592780235,7253072.9666114552,,,0,2
22,3086856.3033511485,5561851.6258390732,,,0,2
22,2722240.5271828664,7438592.4162359918,,,0,2
22,2476110.772976263,7702620.3534430228,,,0,2
0,379044.33222523914,3924.3900843743863,,,1,2
0,311120.1443052768,28439.388553146102,,,1,2
0,359637.08447697468,35870.150056794409,,,1,2
2,496211.44927903498,1242743.3705767377,,,1,2
2,551731.14537556842,1260902.6517590589,,,1,2
2,577305.75457606511,1711585.5792789639,,,1,2
4,1531869.5806500684,1312757.0815951454,,,1,2
4,1606305.8035714284,1218681.7983413355,,,1,2
4,1496576.384662203,1642013.129102845,,,1,2
5,2518056.71709876,2048602.0381499866,,,1,2
5,2137277.7468213364,2290196.078431373,,,1,2
5,2588785.0467289723,2617877.1924721492,,,1,2
6,3213747.6220672168,2607255.9328434081,,,1,2
6,3467190.669371197,2739678.0965710287,,,1,2
6,3667291.9941185419,2770758.9091225928,,,1,2
7,3684565.2890048907,1212262.3657166148,,,1,2
7,4165421.720304864,,,,1,2
7,4246055.6638893811,633020.73050345515,,,1,2
8,,6671124.9382141707,,,1,2
8,,10926534.290781174,,,1,2
8,,20668604.651162788,,,1,2
9,4184587.2677429188,17655268.667131893,,,1,2
9,2802736.6020524516,26400837.014647752,,,1,2
9,2643214.0411393214,29942418.426103652,,,1,2
10,2739656.8353723539,,,,1,2
10,2193556.5638386859,30762689.653164037,,,1,2
10,1805445.004943091,34517394.716191478,,,1,2
11,1612975.1647237709,36309267.554831572,,,1,2
11,984991.76067942719,8474773.3085328974,,,1,2
11,678476.39321827714,17810948.163206037,,,1,2
12,120955.47215741962,,,,1,2
12,25487.560548806781,93772486.312679231,,,1,2
12,88855.077976416884,99722181.944726378,,,1,2
13,12391.039935130753,108939033.58663496,,,1,2
13,3420.2325758151555,,,,1,2
13,17176.732873935955,43892092.376343772,,,1,2
14,4787.4765692284309,114439508.75359289,,,1,2
14,2813.616891840511,81081081.081081092,,,1,2
14,4563.2003244942462,69713289.760348573,,,1,2
15,2662.6093571700267,128887469.51573566,,,1,2
15,2659.5744680851071,122295967.25023951,,,1,2
15,4253.9184159218094,110774879.79017922,,,1,2
18,380.23777535552239,94614176.891318232,,,1,2
18,456.01945683015805,96229574.925859168,,,1,2
18,1521.1824658367773,105960672.68872173,,,1,2
19,912.47813854459741,136226294.54302561,,,1,2
19,1139.4712853236099,116179187.72877811,,,1,2
19,2738.6144639415766,146499390.13765463,,,1,2
20,684.20252394708825,124093601.20775749,,,1,2
20,1672.6222154641523,119818873.18220082,,,1,2
20,4259.0949423247557,141561519.69327295,,,1,2
21,304.20564301467789,146853463.27880266,,,1,2
21,1672.1137037318538,146473250.55123591,,,1,2
21,8366.9278162318387,140356426.43253773,,,1,2
22,379.94883355708106,140192391.52547297,,,1,2
22,1444.7936733245463,124223660.15727012,,,1,2
22,13389.800420967209,126541785.07220322,,,1,2
0,121748.9008450314,258477.6597292971,15157.670238155688,2.7899046803157805,0,4
0,131198.46786846904,123489.4592925818,23042.881123149698,2.671217909998532,0,4
0,109125.76017783667,120524.63665366893,17058.002284553884,2.740505501982764,0,4
0,123796.29255510744,95541.401273885349,23674.795097566552,2.9149705116404112,0,4
2,324440.55911160761,66325.343262741459,34268.308160934124,3.002028557458901,0,4
2,294814.99564688234,84673.507188427946,24020.067398079405,3.2197282781687107,0,4
2,281653.73093350959,86558.044806517311,17979.582507999392,3.2112775824533322,0,4
2,318137.11932531849,97950.616564148906,31214.312904453753,3.1964605948915139,0,4
4,580706.20938131423,92965.048717261117,48980.833586857312,3.7184553283542972,0,4
4,508538.24350527115,78845.981542872527,36160.17052375152,3.7393625559632495,0,4
4,525197.0182491946,133893.179082127,38701.338199513375,3.636268737917606,0,4
4,464170.22551431844,240360.54081121687,37352.605553442365,3.5936547271390635,0,4
6,707214.93568203109,164249.51948278878,49276.317457098674,4.0836679913403993,0,4
6,692383.23561053514,126764.28298952436,49097.967572505142,4.0642295012250722,0,4
6,786977.97520971252,147355.49513200592,54409.862263145886,4.1906633798905837,0,4
6,644185.24889447039,307880.69623021083,56688.479683457605,4.2548905885841561,0,4
7,1020246.1932838836,211509.65012778708,55737.704918032781,4.4773517201663529,0,4
7,945181.77042279975,220511.02555127756,46318.831761484638,4.8201531515546954,0,4
7,1093515.1240149629,157205.24017467251,72051.737255896514,4.6659283253252131,0,4
7,1030564.1649543711,168057.4196183696,43577.458361852616,4.7689686543853451,0,4
8,1377265.010870215,143578.36986021537,65144.681497998266,5.1771969624499921,0,4
8,1198947.7408791557,98811.904481825681,51454.195379002842,5.0568617776862128,0,4
8,1485307.707816185,99328.938421970626,57933.55128107655,5.0094940329842617,0,4
8,1181661.4789906708,82343.815263440527,54025.908051816106,5.4352050367457228,0,4
9,1678084.0035437574,251810.25565243093,97807.885522910656,6.4918561440675253,0,4
9,1472986.0510864845,184555.32223240953,65599.55353745466,6.0737117548500503,0,4
9,1255795.8319030805,161573.58623112045,97561.593835546999,6.8217628554090473,0,4
9,1315267.7010561067,245672.13608309501,112217.17158891795,7.650350527986002,0,4
10,2347812.0232434315,285838.779956427,182096.96631776361,7.9776564216198063,0,4
10,2117452.1402956154,293868.98341156234,129349.0673772364,7.2599851894747873,0,4
10,2417447.2622039448,524842.54723582917,154824.46119869009,8.3131424427447893,0,4
10,2039258.3512424417,444105.03436527052,203358.87158151096,10.498000478514911,0,4
11,2723835.7954936707,1063582.4712309658,346513.57311231084,11.918620964368884,0,4
11,2234176.8516817796,823170.73170731706,224611.95089783912,11.165721795706546,0,4
11,2222987.8033267646,613461.08903949533,286615.969581749,14.696589986772743,0,4
11,2396423.511441092,597902.09790209797,380669.71080669714,14.467659634083601,0,4
12,3367838.9678435586,849155.5037856726,931419.74057559774,18.102908273464319,0,4
12,3239249.8606741447,520327.09600442345,871188.5027754542,17.464024301537652,0,4
12,2749246.014648858,629958.0027998134,,21.801401831865483,0,4
12,2795521.8966084952,545820.33414001216,,19.24549473807329,0,4
13,2598646.1614393573,852357.42889713845,1099269.7398448198,28.479174855868759,0,4
13,3229223.5439331261,1085293.8610521418,1017372.1183840127,24.984039527589466,0,4
13,2947017.4851573249,1262607.1791890713,1154039.1242651532,28.793516026612402,0,4
13,2759534.8112849575,1143388.3337206601,1094074.7123523748,28.861856942350268,0,4
14,2998421.3454760602,1445698.9873123039,1291050.642862577,37.258465217658298,0,4
14,2660248.1898442679,1113114.2774062227,1158117.5993306115,37.81658770289328,0,4
14,3061624.8016499886,980004.65008137666,1221297.5414203436,35.259397806522394,0,4
14,2335423.924628986,1080327.5832026487,830099.30084101739,34.351026097136689,0,4
0,112481.90074790563,46130.644350474628,20279.027216589158,2.8325571517614669,1,4
0,120442.84122185726,135143.14504178768,20364.579360842039,2.8113813727713541,1,4
2,238492.47162806164,1706840.7706432717,25590.901012973161,0.39161472246301632,1,4
2,292961.65028263757,1609590.0375338239,36828.995526636849,0.3613693520322741,1,4
4,452825.82650334528,1618213.6602451841,40743.279262813179,0.37821199190234406,1,4
4,437659.95647889585,1636617.4246830291,45215.802694679158,0.35713799430742321,1,4
6,605655.12663155445,1716893.9083621043,64140.237106089786,0.36871980250593339,1,4
6,578680.22552769852,2560400.5355999307,43765.064061905367,0.4046954061740593,1,4
7,768511.78896789928,3178391.5941438419,36660.497426666334,0.28936670701123796,1,4
7,869965.6992508301,3505617.9775280897,55874.143618370974,0.32112736476262738,1,4
8,1160549.414362693,6533651.3291838765,71036.037176792364,0.51395465815224128,1,4
8,1086252.4835579584,6244912.1990929181,127855.15320334262,0.54254616121836718,1,4
9,1542296.0834907903,10693552.604817385,221210.43019480523,1.9054272663165388,1,4
9,1343811.7366525067,7752995.7141607618,297998.12244690838,2.1966114447586649,1,4
10,1170708.050362837,20128152.851400942,440238.48788532289,0.97715017538604343,1,4
10,1101462.5267930368,23997209.221198291,483730.96446700511,0.34534507148952004,1,4
11,948776.53237985098,21315904.139433552,939480.68397720065,0.72461180533534864,1,4
11,892730.3886361178,29358769.30235263,788133.01566381112,0.26421451069845919,1,4
12,607449.29521620343,40487151.098420829,1212364.7055841426,0.25538608788351908,1,4
12,793428.6228854626,29643333.526648499,846678.49898580112,0.26323871873265059,1,4
13,285586.72052836581,33832491.729061469,1116303.7974683545,0.27167990700357159,1,4
13,588562.66046342452,39253575.165678404,721128.19209757342,0.27362032468135949,1,4
14,201702.60747709879,37422653.458443485,1007230.9331709545,0.27995715887088929,1,4
14,552365.71215407294,47241429.44374983,793647.97728885734,0.33203787402735546,1,4
0,403897.826317192,83217.753120665744,33762.546892426202,,0,5
0,346808.25395876501,21145.374449339208,30813.319469452999,,0,5
0,488368.31019234698,32041.772978104782,46785.705214497997,,0,5
1,689166.88548443699,85260.0728263122,51064.153623703103,,0,5
1,705428.13655842002,74430.693800395806,54142.5525434054,,0,5
1,727936.91738301795,24990.331121887401,62406.339691651199,,0,5
2,1327860.97727546,49072.586534248599,117513.09496697799,,0,5
2,1292733.6945502099,38766.519823788498,127319.14463373899,,0,5
2,1272671.4592599201,48953.901742525799,119608.883498825,,0,5
3,2374570.5342855202,62710.486586923696,295997.16434159601,,0,5
3,2184343.2384613301,45133.665085059598,248011.75219087201,,0,5
3,2129243.69750772,63154.201508683698,280758.61545083899,,0,5
4,3651775.6304691001,118380.966197592,361261.71776032401,,0,5
4,3687413.1205153698,83570.309326214396,380081.558217877,,0,5
4,3582748.32040255,70472.1634954193,339857.69630061003,,0,5
5,4962709.1882988,269136.66550157301,746060.34460882598,,0,5
5,5085946.99066428,126186.651088068,731696.20253164601,,0,5
5,4995158.0534229605,132697.00849726499,678424.81374486804,,0,5
6,4887506.55269974,813795.10215910699,1398250.95057034,,0,5
6,5657516.0200207597,765505.84278133803,1532547.52851711,,0,5
6,5482554.9402401,542043.08547602501,1534026.1056900299,,0,5
7,5294689.1033348599,1667053.3642691399,1874411.54138193,,0,5
7,5747188.4459460704,1297090.5297322399,1852410.09559456,,0,5
7,5511392.9511537496,949527.27272727306,1893588.9966817801,,0,5
8,5383494.91499444,901385.39779037796,1985700.15973226,,0,5
8,5637538.6530607902,975069.89748369099,2236069.2294047601,,0,5
8,5507045.1151797604,998203.00272448,2257169.6630068198,,0,5
9,5258715.0424730899,1429316.64058425,2640930.7512927102,,0,5
9,5121901.9910626402,1307873.39785509,2772338.7526314501,,0,5
9,5230025.8501365501,1043175.89104607,2630407.78569075,,0,5
10,4844559.6378862103,661615.11926172697,2748642.0630488801,,0,5
10,5020989.3548948299,614358.434263648,3046357.6158940401,,0,5
10,4896567.5598686403,639804.21291845106,3168823.2607702799,,0,5
11,4689203.5076996498,1181547.0157250001,3598540.51588709,,0,5
11,4875121.4851566702,1172627.0345954101,3925698.6356950901,,0,5
11,4718192.1440824298,1050952.6433315,4015261.75687666,,0,5
0,477278.94278238498,35409.719968131256,62921.633274156702,,1,5
0,486417.46321109001,28337.810313782215,62617.296474765397,,1,5
0,471685.317253544,22335.970218706378,53673.102715287103,,1,5
1,717460.53994201904,176252.86410904201,59156.000506906603,,1,5
1,704064.98778307403,253896.355454898,52457.934675024699,,1,5
1,649737.71137236897,244641.19291705501,61608.366756358802,,1,5
2,1175993.8552788401,3478159.8513011201,67313.523347483293,,1,5
2,1199150.62978909,3483217.96288756,68176.641781601895,,1,5
2,1234330.79849779,3602401.60106738,55802.668823291497,,1,5
3,1945851.5865331199,4391856.6208456596,124285.06352179,,1,5
3,2076896.3664124401,4762870.4696236597,108744.110643903,,1,5
3,2006756.0273650901,4617790.1320361402,107419.599898709,,1,5
4,3599374.2343828198,5808580.8580858102,129304.44697833501,,1,5
4,3235246.2307805601,6134174.2123991102,111826.26764310899,,1,5
4,3391053.75382037,5803871.5660136798,125167.929837013,,1,5
5,5248682.8525346704,9039114.9054795709,408431.07947204402,,1,5
5,5257173.6555639897,7976304.5561460098,412049.47533836903,,1,5
5,5182478.8936216896,7922559.7032228196,386888.15622622397,,1,5
6,5772078.4838930303,22466562.4457183,856056.57364458998,,1,5
6,5244270.6231731996,20581849.761181101,753480.58732533699,,1,5
6,5647971.01537624,23564230.279161401,724583.35443999805,,1,5
7,5026789.4479980301,46403246.847369201,1479832.8902392699,,1,5
7,4547278.6133048702,48023660.403618596,1406378.02842547,,1,5
7,4806534.3701909101,51052509.562999897,1461906.57045196,,1,5
8,4193500.5640048101,77511579.434923604,2337635.6106608398,,1,5
8,4079981.4818460699,75948048.942755505,2092747.4532461599,,1,5
8,3995759.33592777,85065492.059812203,2147861.99209646,,1,5
9,2363275.10537573,118934521.055067,2549897.39302273,,1,5
9,2525428.1184906,109189439.55535001,2611082.9446359798,,1,5
9,2027704.52016492,129123639.731419,2591561.77982627,,1,5
10,1946647.6564363299,112803613.829849,2716271.7540210099,,1,5
10,2093867.20197592,102904717.853839,2594388.9198924499,,1,5
10,1510023.98746775,123193296.735048,2627418.6176425801,,1,5
11,20405.574787808699,138901990.32360899,3045764.3868940501,,1,5
11,84501.902714911004,169514647.503694,2360189.5734597198,,1,5
11,10230.550707054899,171992121.87916401,4661206.0658315197,,1,5
